key,module,page,component,slot,text,notes,status
shared.placeholder.short,shared,*,*,placeholder_short,--,,active
shared.placeholder.anon_mark,shared,*,*,placeholder_anon_mark,?,,active
shared.unit.percent,shared,*,*,unit_percent,%,,active
shared.unit.thousand_abbrev,shared,*,*,unit_thousand_abbrev,K,,active
shared.unit.million_abbrev,shared,*,*,unit_million_abbrev,M,,active
shared.unit.billion_abbrev,shared,*,*,unit_billion_abbrev,B,,active
shared.range.simple,shared,*,*,label,Range: {{range}},,active
shared.data_source,shared,*,*,label,Data source: {{source}},,active
shared.error.prefix,shared,*,*,label,Error: {{error}},,active
shared.status.unsynced,shared,*,*,status,—,,active
shared.confidence.high,shared,*,Shared,confidence_high,high,,active
shared.confidence.medium,shared,*,Shared,confidence_medium,medium,,active
shared.confidence.low,shared,*,Shared,confidence_low,low,,active
shared.confidence.unattributed,shared,*,Shared,confidence_unattributed,unattributed,,active
brand.name,shared,*,Shared,brand_name,VibeDeck,,active
error.boundary.title,shared,*,ErrorBoundary,title,Something went wrong,,active
error.boundary.subtitle,shared,*,ErrorBoundary,subtitle,This view failed to render,,active
error.boundary.hint,shared,*,ErrorBoundary,hint,"Open the console, then reload the page",,active
error.boundary.no_details,shared,*,ErrorBoundary,details,No error details,,active
error.boundary.action.reload,shared,*,ErrorBoundary,action_reload,Reload,,active

landing.screenshot.alt,landing,LandingPage,LandingPage,screenshot_alt,TokenTracker dashboard screenshot,,active
landing.install.action.copy,landing,LandingPage,LandingPage,install_copy,COPY COMMAND,,active
landing.install.action.copied,landing,LandingPage,LandingPage,install_copied,COPIED,,active
landing.signal.identity_probe,landing,LandingPage,SignalBox,title,Identity_Probe,,active
landing.signal.live_sniffer,landing,LandingPage,SignalBox,title,LIVE_SNIFFER,,active
landing.handle.label,landing,LandingPage,LandingPage,handle_label,Set_Handle,,active
landing.cta.primary,landing,LandingPage,LandingPage,cta_primary,View Dashboard,,active
landing.cta.secondary,landing,LandingPage,LandingPage,cta_secondary,GITHUB SOURCE,,active


shell.header.title,ui,MatrixShell,MatrixShell,header_title,VIBE USAGE,,active
shell.header.link_active,ui,MatrixShell,MatrixShell,header_link_active,LINK_ACTIVE,,active
shell.footer.help,ui,MatrixShell,MatrixShell,footer_help,[F1] Help,,active
shell.footer.neural_index,ui,MatrixShell,MatrixShell,footer_neural_index,CORE_INDEX: 0.942.A1,,active

backend.meta.status_label,components,BackendStatus,BackendStatus,meta_status,status,,active
backend.meta.host_label,components,BackendStatus,BackendStatus,meta_host,host,,active
backend.meta.checked_label,components,BackendStatus,BackendStatus,meta_checked,checked,,active
backend.meta.ok_label,components,BackendStatus,BackendStatus,meta_ok,ok,,active
backend.meta.http_label,components,BackendStatus,BackendStatus,meta_http,http,,active
backend.meta.error_label,components,BackendStatus,BackendStatus,meta_error,error,,active


boot.ascii_art,ui,BootScreen,BootScreen,ascii_art,"  __   _____ ___  ___ ___  ___ ___ _  __\n  \ \ / /_ _| _ )| __|   \| __/ __| |/ /\n   \ V / | || _ \| _|| |) | _| (__|   < \n    \_/ |___|___/|___|___/|___\___|_|\_\\",,active
boot.prompt,ui,BootScreen,BootScreen,prompt,Tracking all your AI tokens...,,active
boot.skip_hint,ui,BootScreen,BootScreen,skip_hint,Click to skip,,active
boot.skip_aria,ui,BootScreen,BootScreen,aria_label,Skip boot screen,,active

landing.v2.hero.title_line1,landing,LandingPage,MarketingLanding,hero_title_1,TRACK ALL YOUR,,active
landing.v2.hero.title_line2,landing,LandingPage,MarketingLanding,hero_title_2,AI TOKENS,,active
landing.v2.install.mac_cta,landing,LandingPage,MarketingLanding,mac_cta,MAC APP (DMG),,active
landing.v2.models.title,landing,LandingPage,MarketingLanding,models_title,SUPPORTED AI CLI TOOLS,,active
landing.v2.compare.kicker,landing,LandingPage,MarketingLanding,compare_kicker,SEAMLESS TRACKING,,active
landing.v2.compare.title,landing,LandingPage,MarketingLanding,compare_title,Stop guessing your AI usage.,,active
landing.v2.compare.subtitle,landing,LandingPage,MarketingLanding,compare_subtitle,"AI CLI tools hide your usage data in obscure local files. TokenTracker aggregates them into a single, beautiful dashboard in real-time.",,active
landing.v2.distill.body,landing,LandingPage,MarketingLanding,distill_body,100% local processing. No prompts or code are ever collected.,,active
landing.v2.compare.with.title,landing,LandingPage,MarketingLanding,with_title,WITH TOKEN TRACKER,,active
landing.v2.compare.with.p1,landing,LandingPage,MarketingLanding,with_p1,Centralized usage dashboard,,active
landing.v2.compare.with.p2,landing,LandingPage,MarketingLanding,with_p2,Real-time token metrics,,active
landing.v2.compare.with.p3,landing,LandingPage,MarketingLanding,with_p3,"100% local, privacy-guaranteed",,active
landing.v2.compare.without.title,landing,LandingPage,MarketingLanding,without_title,WITHOUT IT,,active
landing.v2.compare.without.p1,landing,LandingPage,MarketingLanding,without_p1,Scattered JSON log files,,active
landing.v2.compare.without.p2,landing,LandingPage,MarketingLanding,without_p2,Blind to token consumption,,active
landing.v2.compare.without.p3,landing,LandingPage,MarketingLanding,without_p3,Unexpected API bills,,active
landing.v2.footer.line,landing,LandingPage,MarketingLanding,footer_line,"Token Tracker — Made by developers, for developers.",,active
landing.v2.nav.github,landing,LandingPage,MarketingLanding,nav_github,GITHUB,,active
landing.v2.models.agent.codex,landing,LandingPage,MarketingLanding,agent_codex,CODEX,,active
landing.v2.models.agent.claude_code,landing,LandingPage,MarketingLanding,agent_claude_code,CLAUDE CODE,,active
landing.v2.models.agent.cursor,landing,LandingPage,MarketingLanding,agent_cursor,CURSOR,,active
landing.v2.models.agent.gemini,landing,LandingPage,MarketingLanding,agent_gemini,GEMINI,,active
landing.v2.models.agent.opencode,landing,LandingPage,MarketingLanding,agent_opencode,OPENCODE,,active
landing.v2.models.agent.openclaw,landing,LandingPage,MarketingLanding,agent_openclaw,OPENCLAW,,active
landing.v2.cta.primary,landing,LandingPage,MarketingLanding,cta_primary,Open Dashboard,,active
landing.v2.hero.subtagline,landing,LandingPage,MarketingLanding,hero_subtagline,"Automatically monitor token usage across Claude Code, Cursor, Codex, and more. Local-first, privacy-focused, and zero manual configuration.",,active

system.header.title_default,ui,SystemHeader,SystemHeader,title_default,VIBE_OS_v9.0,,active

signalbox.title_default,ui,SignalBox,SignalBox,title_default,LINK,,active

sparkline.aria_label,components,Sparkline,Sparkline,aria_label,Daily token usage sparkline,,active

identity_card.title_default,ui,IdentityCard,IdentityCard,title_default,Identity,,active
identity_card.rank_label,ui,IdentityCard,IdentityCard,rank_label,"Started",,active
identity_card.streak_label,ui,IdentityCard,IdentityCard,streak_label,"Active days",,active
identity_card.rank_placeholder,ui,IdentityCard,IdentityCard,rank_placeholder,—,,active
identity_card.streak_value,ui,IdentityCard,IdentityCard,streak_value,"{{days}} DAY",,active
identity_card.subscriptions_label,ui,IdentityCard,IdentityCard,subscriptions_label,SUBSCRIPTIONS,,active
identity_card.subscription_item,ui,IdentityCard,IdentityCard,subscription_item,"{{tool}} {{plan}}",,active

identity_panel.badge,ui,IdentityPanel,IdentityPanel,badge,VU,,active
identity_panel.level,ui,IdentityPanel,IdentityPanel,level,Level 5,,active
identity_panel.rank_label,ui,IdentityPanel,IdentityPanel,rank_label,"START",,active
identity_panel.streak_label,ui,IdentityPanel,IdentityPanel,streak_label,"ACTIVE",,active
identity_panel.rank_placeholder,ui,IdentityPanel,IdentityPanel,rank_placeholder,—,,active
identity_panel.streak_value,ui,IdentityPanel,IdentityPanel,streak_value,"{{days}} DAY",,active

usage.panel.title,ui,UsagePanel,UsagePanel,title,Token Usage,,active
dashboard.core_index.collapse_label,dashboard,DashboardPage,UsagePanel,toggle,▾,,active
dashboard.core_index.expand_label,dashboard,DashboardPage,UsagePanel,toggle,▸,,active
dashboard.core_index.collapse_aria,dashboard,DashboardPage,UsagePanel,toggle_aria,Collapse model breakdown,,active
dashboard.core_index.expand_aria,dashboard,DashboardPage,UsagePanel,toggle_aria,Expand model breakdown,,active
usage.summary.total_system_output,ui,UsagePanel,UsagePanel,summary_label_total_system,Total tokens,,active
usage.summary.total,ui,UsagePanel,UsagePanel,summary_label_total,Total tokens,,active
usage.metric.total,ui,UsagePanel,UsagePanel,metric_total,Total,,active
usage.metric.total_cost,ui,UsagePanel,UsagePanel,metric_total_cost,Total cost (USD),,active
usage.metric.input,ui,UsagePanel,UsagePanel,metric_input,Input,,active
usage.metric.output,ui,UsagePanel,UsagePanel,metric_output,Output,,active
usage.metric.cached_input,ui,UsagePanel,UsagePanel,metric_cached_input,Cached input,,active
usage.metric.reasoning_output,ui,UsagePanel,UsagePanel,metric_reasoning_output,Reasoning output,,active
usage.metric.cached_short,ui,UsagePanel,UsagePanel,metric_cached_short,Cached,,active
usage.metric.reasoning_short,ui,UsagePanel,UsagePanel,metric_reasoning_short,Reasoning,,active
usage.button.refresh,ui,UsagePanel,UsagePanel,button_refresh,Refresh,,active
usage.cost_info.label,ui,UsagePanel,UsagePanel,cost_info_label,Detail,,active

dashboard.rolling.title,ui,RollingUsagePanel,RollingUsagePanel,title,Recent Activity,,active
dashboard.rolling.last_7d,ui,RollingUsagePanel,RollingUsagePanel,label_last_7d,Last 7 days,,active
dashboard.rolling.last_30d,ui,RollingUsagePanel,RollingUsagePanel,label_last_30d,Last 30 days,,active
dashboard.rolling.avg_active_day,ui,RollingUsagePanel,RollingUsagePanel,label_avg_active_day,Daily average,,active

dashboard.model_breakdown.title,ui,NeuralDivergenceMap,NeuralDivergenceMap,title,Model Breakdown,,active
dashboard.model_breakdown.footer,ui,NeuralDivergenceMap,NeuralDivergenceMap,footer,Multi-Engine Load Balancing // Active Session,,active
dashboard.model_breakdown.usage_label,ui,NeuralAdaptiveFleet,NeuralAdaptiveFleet,usage_label,USAGE: {{value}},,active
dashboard.top_models.title,ui,TopModelsPanel,TopModelsPanel,title,"Top Models",,active
dashboard.projects.title,ui,ProjectUsagePanel,ProjectUsagePanel,title,Project Usage,,active
dashboard.projects.tokens_label,ui,ProjectUsagePanel,ProjectUsagePanel,tokens_label,Tokens,,active
dashboard.projects.stars_label,ui,ProjectUsagePanel,ProjectUsagePanel,stars_label,STAR,,active
dashboard.projects.limit_label,ui,ProjectUsagePanel,ProjectUsagePanel,limit_label,Show,,active
dashboard.projects.limit_aria,ui,ProjectUsagePanel,ProjectUsagePanel,limit_aria,Select repository limit,,active
dashboard.projects.limit_top_3,ui,ProjectUsagePanel,ProjectUsagePanel,limit_top_3,TOP 3,,active
dashboard.projects.limit_top_6,ui,ProjectUsagePanel,ProjectUsagePanel,limit_top_6,TOP 6,,active
dashboard.projects.limit_top_10,ui,ProjectUsagePanel,ProjectUsagePanel,limit_top_10,TOP 10,,active
dashboard.projects.empty,ui,ProjectUsagePanel,ProjectUsagePanel,empty,No public repositories,,active
dashboard.projects.last_used,ui,ProjectUsagePanel,ProjectUsagePanel,last_used,Last used {{time}},,active
dashboard.upgrade_alert.title,ui,UpgradeAlertModal,UpgradeAlertModal,title,Update available,,active
dashboard.upgrade_alert.subtitle,ui,UpgradeAlertModal,UpgradeAlertModal,subtitle,TokenTracker v{{required}} is now available.,,active
dashboard.upgrade_alert.subtitle_generic,ui,UpgradeAlertModal,UpgradeAlertModal,subtitle_generic,A new version of TokenTracker is available.,,active
dashboard.upgrade_alert.prompt,ui,UpgradeAlertModal,UpgradeAlertModal,prompt,$,,active
dashboard.upgrade_alert.sparkle,ui,UpgradeAlertModal,UpgradeAlertModal,sparkle,✨,,active
dashboard.upgrade_alert.install_command,ui,UpgradeAlertModal,UpgradeAlertModal,install_command,npx --yes vibedeck-cli init,,active
dashboard.upgrade_alert.copy,ui,UpgradeAlertModal,UpgradeAlertModal,copy,[ COPY ],,active
dashboard.upgrade_alert.copied,ui,UpgradeAlertModal,UpgradeAlertModal,copied,[ COPIED ],,active
dashboard.upgrade_alert.ignore,ui,UpgradeAlertModal,UpgradeAlertModal,ignore,Dismiss,,active
dashboard.widgets.title,dashboard,DashboardPage,WidgetOnboardingCard,title,Desktop Widgets,,active
dashboard.widgets.hint,dashboard,DashboardPage,WidgetOnboardingCard,hint,"Right-click your desktop → Edit Widgets → search ""TokenTracker""",,active
dashboard.widgets.dismiss_aria,dashboard,DashboardPage,WidgetOnboardingCard,dismiss_aria,Dismiss widget intro,,active
widgets.page.title,dashboard,WidgetsPage,WidgetsPage,title,Widgets,,active
widgets.cta.open_gallery,dashboard,WidgetsPage,WidgetsPage,cta_open_gallery,Open Widget Gallery,,active
widgets.cta.download,dashboard,WidgetsPage,WidgetsPage,cta_download,Download Mac App,,active
widgets.cta.macos_only,dashboard,WidgetsPage,WidgetsPage,cta_macos_only,macOS only,,active
widgets.menubar.section.title,dashboard,WidgetsPage,WidgetsPage,menubar_section_title,Menu Bar,,active
widgets.gallery.section.title,dashboard,WidgetsPage,WidgetsPage,gallery_section_title,Desktop Widgets,,active
dashboard.cost_breakdown.title,ui,CostAnalysisModal,CostAnalysisModal,title,Cost Breakdown,,active
dashboard.cost_breakdown.total_label,ui,CostAnalysisModal,CostAnalysisModal,total_label,Estimated Total Cost,,active
dashboard.cost_breakdown.close,ui,CostAnalysisModal,CostAnalysisModal,close_label,Close,,active

trend.chart.unit_label,ui,TrendChart,TrendChart,unit_label,TKNS,,active
trend.chart.left_label,ui,TrendChart,TrendChart,left_label,T-24H,,active
trend.chart.right_label,ui,TrendChart,TrendChart,right_label,Realtime_Flow,,active
trend.chart.empty,ui,TrendChart,TrendChart,empty_state,No trend data.,,active
trend.chart.peak,ui,TrendChart,TrendChart,peak_label,Peak: {{value}} {{unit}},,active

trend.monitor.label,ui,TrendMonitor,TrendMonitor,label,Usage Trend,,active

heatmap.title,ui,ActivityHeatmap,ActivityHeatmap,title,Activity Heatmap,,active
heatmap.empty,ui,ActivityHeatmap,ActivityHeatmap,empty_state,No activity data yet.,,active
heatmap.legend.less,ui,ActivityHeatmap,ActivityHeatmap,legend_less,Less,,active
heatmap.legend.more,ui,ActivityHeatmap,ActivityHeatmap,legend_more,More,,active
heatmap.legend.utc,ui,ActivityHeatmap,ActivityHeatmap,legend_utc,UTC,,active
heatmap.tooltip,ui,ActivityHeatmap,ActivityHeatmap,tooltip,{{day}} • {{value}} {{unit}} • {{tz}},,active
heatmap.unit.tokens,ui,ActivityHeatmap,ActivityHeatmap,unit_tokens,tokens,,active
heatmap.day.sun,ui,ActivityHeatmap,ActivityHeatmap,day_sun,Sun,,active
heatmap.day.mon,ui,ActivityHeatmap,ActivityHeatmap,day_mon,Mon,,active
heatmap.day.tue,ui,ActivityHeatmap,ActivityHeatmap,day_tue,Tue,,active
heatmap.day.wed,ui,ActivityHeatmap,ActivityHeatmap,day_wed,Wed,,active
heatmap.day.thu,ui,ActivityHeatmap,ActivityHeatmap,day_thu,Thu,,active
heatmap.day.fri,ui,ActivityHeatmap,ActivityHeatmap,day_fri,Fri,,active
heatmap.day.sat,ui,ActivityHeatmap,ActivityHeatmap,day_sat,Sat,,active
heatmap.month.jan,ui,ActivityHeatmap,ActivityHeatmap,month_label,Jan,,active
heatmap.month.feb,ui,ActivityHeatmap,ActivityHeatmap,month_label,Feb,,active
heatmap.month.mar,ui,ActivityHeatmap,ActivityHeatmap,month_label,Mar,,active
heatmap.month.apr,ui,ActivityHeatmap,ActivityHeatmap,month_label,Apr,,active
heatmap.month.may,ui,ActivityHeatmap,ActivityHeatmap,month_label,May,,active
heatmap.month.jun,ui,ActivityHeatmap,ActivityHeatmap,month_label,Jun,,active
heatmap.month.jul,ui,ActivityHeatmap,ActivityHeatmap,month_label,Jul,,active
heatmap.month.aug,ui,ActivityHeatmap,ActivityHeatmap,month_label,Aug,,active
heatmap.month.sep,ui,ActivityHeatmap,ActivityHeatmap,month_label,Sep,,active
heatmap.month.oct,ui,ActivityHeatmap,ActivityHeatmap,month_label,Oct,,active
heatmap.month.nov,ui,ActivityHeatmap,ActivityHeatmap,month_label,Nov,,active
heatmap.month.dec,ui,ActivityHeatmap,ActivityHeatmap,month_label,Dec,,active

archive.title,ui,ArchiveHeatmap,ArchiveHeatmap,title,Archive_Grid,,active
archive.footer.left,ui,ArchiveHeatmap,ArchiveHeatmap,footer_left,Yearly_Grid,,active



daily.sort.date.label,dashboard,DashboardPage,DailyTable,sort_label,Date,,active
daily.sort.date.title,dashboard,DashboardPage,DailyTable,sort_title,Sort by Date,,active
daily.sort.total.label,dashboard,DashboardPage,DailyTable,sort_label,Total,,active
daily.sort.total.title,dashboard,DashboardPage,DailyTable,sort_title,Sort by Total,,active
daily.sort.input.label,dashboard,DashboardPage,DailyTable,sort_label,Input,,active
daily.sort.input.title,dashboard,DashboardPage,DailyTable,sort_title,Sort by Input,,active
daily.sort.output.label,dashboard,DashboardPage,DailyTable,sort_label,Output,,active
daily.sort.output.title,dashboard,DashboardPage,DailyTable,sort_title,Sort by Output,,active
daily.sort.cached.label,dashboard,DashboardPage,DailyTable,sort_label,Cached,,active
daily.sort.cached.title,dashboard,DashboardPage,DailyTable,sort_title,Sort by Cached input,,active
daily.sort.reasoning.label,dashboard,DashboardPage,DailyTable,sort_label,Reasoning,,active
daily.sort.reasoning.title,dashboard,DashboardPage,DailyTable,sort_title,Sort by Reasoning output,,active
daily.sort.conversations.label,dashboard,DashboardPage,DailyTable,sort_label,Convs,,active
daily.sort.conversations.title,dashboard,DashboardPage,DailyTable,sort_title,Sort by Conversations,,active
details.pagination.prev,dashboard,DashboardPage,DailyTable,pagination_prev,Prev,,active
details.pagination.next,dashboard,DashboardPage,DailyTable,pagination_next,Next,,active








limits.copilot.otelHint.title,dashboard,LimitsPage,LimitsPage,otel_hint_title,Track Copilot token usage,,active
limits.copilot.otelHint.body,dashboard,LimitsPage,LimitsPage,otel_hint_body,"Limits load via your GitHub OAuth token. To also record per-token usage, enable Copilot's OpenTelemetry export and add these lines to your shell profile (~/.zshrc or ~/.bashrc):",,active
limits.copilot.otelHint.copy,dashboard,LimitsPage,LimitsPage,otel_hint_copy,Copy,,active
limits.copilot.otelHint.copied,dashboard,LimitsPage,LimitsPage,otel_hint_copied,Copied,,active






dashboard.session_expired.copy_label,dashboard,DashboardPage,AsciiBox,body,run npx --yes vibedeck-cli init,,active
dashboard.session_expired.copied,dashboard,DashboardPage,AsciiBox,body,copied,,active


dashboard.install.prompt,dashboard,DashboardPage,AsciiBox,install_prompt,Install Node.js 18+ then run:,,active
dashboard.install.cmd.init,dashboard,DashboardPage,AsciiBox,install_cmd,npx --yes vibedeck-cli init,,active
dashboard.install.cmd.init_link_code,dashboard,DashboardPage,AsciiBox,install_cmd,npx --yes vibedeck-cli init --link-code {{link_code}},,active
dashboard.install.copy,dashboard,DashboardPage,AsciiBox,install_copy,Copy install command,,active
dashboard.install.copy_base,dashboard,DashboardPage,AsciiBox,install_copy,Copy init command,,active
dashboard.install.copied,dashboard,DashboardPage,AsciiBox,install_copy,Copied to clipboard,,active
dashboard.install.link_code.loading,dashboard,DashboardPage,AsciiBox,install_link_code_loading,Generating your link code...,,active
dashboard.install.link_code.failed,dashboard,DashboardPage,AsciiBox,install_link_code_failed,Link code unavailable,,active
dashboard.install.cmd.sync,dashboard,DashboardPage,AsciiBox,install_cmd,npx --yes vibedeck-cli sync,,active



dashboard.daily.title,dashboard,DashboardPage,AsciiBox,title,Daily Breakdown,,active
dashboard.daily.empty,dashboard,DashboardPage,AsciiBox,empty_state,No data yet. Use your AI CLI then run {{cmd}}.,,active

dashboard.identity.title,dashboard,DashboardPage,IdentityCard,title,Your Profile,,active
dashboard.identity.subtitle,dashboard,DashboardPage,IdentityCard,subtitle,Track your coding journey,,active
dashboard.identity.fallback,dashboard,DashboardPage,IdentityCard,handle_fallback,Anonymous,,active

dashboard.version.label,dashboard,App,VersionBadge,label,Version,,active

dashboard.screenshot.title_line1,dashboard,DashboardPage,ScreenshotTitle,title_line,Coding Agent,,active
dashboard.screenshot.title_line2,dashboard,DashboardPage,ScreenshotTitle,title_line,2025 Wrapped,,active
dashboard.screenshot.twitter_button,dashboard,DashboardPage,ScreenshotShare,button_label,Share on X,,active
dashboard.screenshot.twitter_label,dashboard,DashboardPage,ScreenshotShare,aria_label,Share on X,,active
dashboard.screenshot.twitter_hint,dashboard,DashboardPage,ScreenshotShare,helper_text,Auto-copies image to clipboard,,active
dashboard.screenshot.twitter_text,dashboard,DashboardPage,ScreenshotShare,share_text,"{{total_tokens}} tokens on the record.\n{{model_name}} led with {{model_percent}}%.\n\nMy AI usage, unaudited →\ntokentracker.cc",,active

live_sniffer.log.system,ui,LiveSniffer,LiveSniffer,log,[SYSTEM] KERNEL_LINK_ESTABLISHED,,active
live_sniffer.log.socket,ui,LiveSniffer,LiveSniffer,log,[SOCKET] LISTENING_ON_LOCAL_CLI_PIPE...,,active
live_sniffer.event.intercepted,ui,LiveSniffer,LiveSniffer,event,> INTERCEPTED: AI_COMPLETION_EVENT,,active
live_sniffer.event.quantifying,ui,LiveSniffer,LiveSniffer,event,> QUANTIFYING: +64 NEURAL_TOKENS,,active
live_sniffer.event.analysis,ui,LiveSniffer,LiveSniffer,event,> ANALYSIS: HIGH_VIBE_FLOW_DETECTED,,active
live_sniffer.event.sync,ui,LiveSniffer,LiveSniffer,event,> SYNC: UPLOADING_TO_CORE_RELAY,,active
live_sniffer.event.batch,ui,LiveSniffer,LiveSniffer,event,[STATUS] BATCH_TRANSMISSION_COMPLETE,,active
live_sniffer.event.hooking,ui,LiveSniffer,LiveSniffer,event,> HOOKING: AI_CLI_PIPE_LINK,,active
live_sniffer.event.capture,ui,LiveSniffer,LiveSniffer,event,> CAPTURE: +128 NEURAL_TOKENS,,active
live.title,dashboard,LivePage,LivePage,title,Live Workbench,,active
live.subtitle,dashboard,LivePage,LivePage,subtitle,"Active sessions, branch confidence, and correction controls.",,active
live.status.connected,dashboard,LivePage,LivePage,status,Live stream connected,,active
live.status.connecting,dashboard,LivePage,LivePage,status,Connecting live stream…,,active
live.status.degraded,dashboard,LivePage,LivePage,status,Live stream degraded,,active
live.status.idle,dashboard,LivePage,LivePage,status,Live stream idle,,active
live.sessions.title,dashboard,LivePage,LiveSessionList,title,Active sessions,,active
live.sessions.count,dashboard,LivePage,LiveSessionList,count,{{count}} sessions,,active
live.empty.title,dashboard,LivePage,LiveSessionList,empty_title,No live sessions,,active
live.empty.subtitle,dashboard,LivePage,LiveSessionList,empty_subtitle,Start a supported coding session to populate live activity.,,active
live.stream.degraded,dashboard,LivePage,LiveSessionList,stream_state,Stream connection degraded. Data may lag.,,active
live.stream.connecting,dashboard,LivePage,LiveSessionList,stream_state,Connecting to live stream…,,active
live.stream.error,dashboard,LivePage,LiveSessionList,stream_error,Live stream error: {{error}},,active
live.value.unknown_repo,dashboard,LivePage,LiveSessionList,unknown_repo,Unknown repo,,active
live.value.unknown_time,dashboard,LivePage,LiveSessionList,unknown_time,—,,active
live.value.unattributed_branch,dashboard,LivePage,LiveSessionList,unattributed_branch,unattributed,,active
live.value.unknown_provider,dashboard,LivePage,LiveSessionList,unknown_provider,unknown,,active
live.row.selected,dashboard,LivePage,LiveSessionList,row_selected,Selected,,active
live.meta.tier,dashboard,LivePage,LiveSessionList,meta_tier,Tier,,active
live.meta.model,dashboard,LivePage,LiveSessionList,meta_model,Model,,active
live.meta.tokens,dashboard,LivePage,LiveSessionList,meta_tokens,Tokens,,active
live.meta.cost,dashboard,LivePage,LiveSessionList,meta_cost,Cost,,active
live.meta.started,dashboard,LivePage,LiveSessionList,meta_started,Started,,active
live.meta.updated,dashboard,LivePage,LiveSessionList,meta_updated,Updated,,active
live.meta.state,dashboard,LivePage,LiveSessionList,meta_state,State,,active
live.state.live,dashboard,LivePage,LiveSessionList,state_live,live,,active
live.state.ended,dashboard,LivePage,LiveSessionList,state_ended,ended,,active
live.state.active,dashboard,LivePage,LiveSessionList,state_active,active,,active
live.state.unknown,dashboard,LivePage,LiveSessionList,state_unknown,unknown,,active
live.repo_state.title,dashboard,LivePage,LivePage,repo_title,Repo / Entire state,,active
live.repo_state.selected,dashboard,LivePage,LivePage,repo_selected,Selected repo: {{repo}},,active
live.repo_state.empty,dashboard,LivePage,LivePage,repo_empty,Select a session with a repo to inspect Entire status.,,active
live.attribution.title,dashboard,LivePage,AttributionHealthCard,title,Attribution health,,active
live.attribution.loading,dashboard,LivePage,AttributionHealthCard,loading,Loading attribution stats…,,active
live.attribution.error,dashboard,LivePage,AttributionHealthCard,error,Unable to load attribution stats: {{error}},,active
live.attribution.total,dashboard,LivePage,AttributionHealthCard,total,Total sessions,,active
live.override.title,dashboard,LivePage,BranchOverridePanel,title,Branch override,,active
live.override.subtitle,dashboard,LivePage,BranchOverridePanel,subtitle,Correct branch attribution for the selected session.,,active
live.override.meta.current_branch,dashboard,LivePage,BranchOverridePanel,meta_current_branch,Current branch,,active
live.override.meta.current_branch_value,dashboard,LivePage,BranchOverridePanel,meta_current_branch_value,Branch: {{branch}},,active
live.override.meta.confidence,dashboard,LivePage,BranchOverridePanel,meta_confidence,Confidence,,active
live.override.input.branch.label,dashboard,LivePage,BranchOverridePanel,input_branch_label,Branch,,active
live.override.input.branch.placeholder,dashboard,LivePage,BranchOverridePanel,input_branch_placeholder,feature/live-fix,,active
live.override.validation.branch_required,dashboard,LivePage,BranchOverridePanel,validation_branch_required,Enter a branch name before saving.,,active
live.override.action.save,dashboard,LivePage,BranchOverridePanel,action_save,Save branch override,,active
live.override.action.saving,dashboard,LivePage,BranchOverridePanel,action_saving,Saving…,,active
live.override.action.clear,dashboard,LivePage,BranchOverridePanel,action_clear,Clear override,,active
live.override.action.clearing,dashboard,LivePage,BranchOverridePanel,action_clearing,Clearing…,,active
live.override.success.saved,dashboard,LivePage,BranchOverridePanel,success_saved,Override saved for {{branch}}.,,active
live.override.success.cleared,dashboard,LivePage,BranchOverridePanel,success_cleared,Override cleared.,,active
live.override.error.submit,dashboard,LivePage,BranchOverridePanel,error_submit,Unable to update attribution: {{error}},,active
live.override.error.fallback,dashboard,LivePage,BranchOverridePanel,error_fallback,Request failed,,active
branches.title,dashboard,BranchesPage,BranchesPage,title,Branch cost intelligence,,active
branches.subtitle,dashboard,BranchesPage,BranchesPage,subtitle,Review branch-level tokens and cost with attribution confidence and session detail.,,active
branches.loading,dashboard,BranchesPage,BranchesPage,loading,Loading branch usage…,,active
branches.error,dashboard,BranchesPage,BranchesPage,error,Unable to load branch usage: {{error}},,active
branches.error.fallback,dashboard,BranchesPage,BranchesPage,error_fallback,Request failed,,active
branches.filter.repo.label,dashboard,BranchesPage,BranchesPage,filter_repo_label,Repo filter,,active
branches.filter.repo.placeholder,dashboard,BranchesPage,BranchesPage,filter_repo_placeholder,Filter by repo path,,active
branches.filter.branch.label,dashboard,BranchesPage,BranchesPage,filter_branch_label,Branch filter,,active
branches.filter.branch.placeholder,dashboard,BranchesPage,BranchesPage,filter_branch_placeholder,Filter by branch name,,active
branches.filter.summary,dashboard,BranchesPage,BranchesPage,filter_summary,Showing {{count}} of {{total}} branches,,active
branches.total.tokens,dashboard,BranchesPage,BranchesPage,total_tokens,Tokens,,active
branches.total.cost,dashboard,BranchesPage,BranchesPage,total_cost,Cost,,active
branches.total.sessions,dashboard,BranchesPage,BranchesPage,total_sessions,Sessions,,active
branches.empty,dashboard,BranchesPage,BranchUsageTable,empty,No branch rows match current filters.,,active
branches.empty.no_repo_rows,dashboard,BranchesPage,BranchUsageTable,empty_no_repo_rows,No branch usage rows found for this range.,,active
branches.confidence.mix,dashboard,BranchesPage,BranchUsageTable,confidence_mix,{{high_label}} {{high}} · {{medium_label}} {{medium}} · {{low_label}} {{low}} · {{unattributed_label}} {{unattributed}},,active
branches.value.unknown_cost,dashboard,BranchesPage,BranchUsageTable,unknown_cost,Unknown,,active
branches.value.unknown_time,dashboard,BranchesPage,BranchUsageTable,unknown_time,—,,active
branches.table.repo,dashboard,BranchesPage,BranchUsageTable,table_repo,Repo,,active
branches.table.branch,dashboard,BranchesPage,BranchUsageTable,table_branch,Branch,,active
branches.table.tokens,dashboard,BranchesPage,BranchUsageTable,table_tokens,Tokens,,active
branches.table.cost,dashboard,BranchesPage,BranchUsageTable,table_cost,Cost,,active
branches.table.top_model,dashboard,BranchesPage,BranchUsageTable,table_top_model,Top model,,active
branches.table.sessions,dashboard,BranchesPage,BranchUsageTable,table_sessions,Sessions,,active
branches.table.last_seen,dashboard,BranchesPage,BranchUsageTable,table_last_seen,Last seen,,active
branches.table.confidence_mix,dashboard,BranchesPage,BranchUsageTable,table_confidence_mix,Confidence mix,,active
branches.table.view_sessions,dashboard,BranchesPage,BranchUsageTable,table_view_sessions,View sessions,,active
branches.confidence.note,dashboard,BranchesPage,BranchUsageTable,confidence_note,Medium/low/unattributed indicate uncertain branch attribution; review session details before acting.,,active
branches.drawer.title,dashboard,BranchesPage,BranchSessionDrawer,drawer_title,Session details,,active
branches.drawer.close,dashboard,BranchesPage,BranchSessionDrawer,drawer_close,Close sessions panel,,active
branches.drawer.empty,dashboard,BranchesPage,BranchSessionDrawer,drawer_empty,No sessions available for this branch.,,active
branches.drawer.provider,dashboard,BranchesPage,BranchSessionDrawer,drawer_provider,Provider,,active
branches.drawer.session_id,dashboard,BranchesPage,BranchSessionDrawer,drawer_session_id,Session ID,,active
branches.drawer.start,dashboard,BranchesPage,BranchSessionDrawer,drawer_start,Start,,active
branches.drawer.end,dashboard,BranchesPage,BranchSessionDrawer,drawer_end,End,,active
branches.drawer.model_summary,dashboard,BranchesPage,BranchSessionDrawer,drawer_model_summary,Model summary,,active
branches.drawer.model,dashboard,BranchesPage,BranchSessionDrawer,drawer_model,Model,,active
branches.drawer.tokens,dashboard,BranchesPage,BranchSessionDrawer,drawer_tokens,Tokens,,active
branches.drawer.cost,dashboard,BranchesPage,BranchSessionDrawer,drawer_cost,Cost,,active
branches.drawer.confidence,dashboard,BranchesPage,BranchSessionDrawer,drawer_confidence,Confidence,,active
branches.drawer.tier,dashboard,BranchesPage,BranchSessionDrawer,drawer_tier,Tier,,active
nav.live,shared,*,Sidebar,nav_live,Live,,active
nav.usage,shared,*,Sidebar,nav_usage,Usage,,active
nav.branches,shared,*,Sidebar,nav_branches,Branches,,active
nav.entire,shared,*,Sidebar,nav_entire,Entire,,active
nav.limits,shared,*,Sidebar,nav_limits,Limits,,active
nav.widgets,shared,*,Sidebar,nav_widgets,macOS Widgets,,active
nav.collapse,shared,*,Sidebar,nav_collapse,Collapse sidebar,,active
nav.expand,shared,*,Sidebar,nav_expand,Expand sidebar,,active
nav.menu,shared,*,Sidebar,nav_menu,Open navigation menu,,active
nav.close_menu,shared,*,Sidebar,nav_close_menu,Close navigation menu,,active
nav.aside_label,shared,*,Sidebar,aside_label,Main navigation,,active
nav.nav_label,shared,*,Sidebar,nav_label,Primary,,active
nav.star,shared,*,Sidebar,nav_star,Star,,active
nav.theme,shared,*,Sidebar,nav_theme,Theme,,active
limits.page.subtitle,ui,LimitsPage,LimitsPage,subtitle,Rate limits and quota usage across your AI tools.,,active
limits.settings.toggle_visible,ui,LimitsPage,LimitsSettingsPanel,toggle_visible,Toggle visibility,,active
limits.page.openSettings,ui,LimitsPage,LimitsPage,open_settings,Display settings,,active
nav.group.general,shared,*,Sidebar,group_general,General,,active
nav.group.tools,shared,*,Sidebar,group_tools,Tools,,active
nav.group.account,shared,*,Sidebar,group_account,Account,,active
nav.settings,shared,*,Sidebar,nav_settings,Settings,,active
settings.page.title,ui,SettingsPage,SettingsPage,title,Settings,,active
settings.page.subtitle,ui,SettingsPage,SettingsPage,subtitle,"Manage your account, appearance, and display preferences.",,active
settings.section.appearance,ui,SettingsPage,SettingsPage,sec_appearance,Appearance,,active
settings.section.account,ui,SettingsPage,SettingsPage,sec_account,Account,,active
settings.section.limits,ui,SettingsPage,SettingsPage,sec_limits,Limits Display,,active
settings.appearance.theme.label,ui,SettingsPage,SettingsPage,theme_label,Theme,,active
settings.appearance.theme.hint,ui,SettingsPage,SettingsPage,theme_hint,Choose how Token Tracker looks across the dashboard.,,active
settings.appearance.theme.light,ui,SettingsPage,SettingsPage,theme_light,Light,,active
settings.appearance.theme.dark,ui,SettingsPage,SettingsPage,theme_dark,Dark,,active
settings.appearance.theme.system,ui,SettingsPage,SettingsPage,theme_system,System,,active
settings.account.displayName,ui,SettingsPage,SettingsPage,display_name,Display name,,active
settings.account.edit,ui,SettingsPage,SettingsPage,edit,Edit,,active
settings.account.save,ui,SettingsPage,SettingsPage,save,Save,,active
settings.account.saving,ui,SettingsPage,SettingsPage,saving,Saving...,,active
settings.account.cancel,ui,SettingsPage,SettingsPage,cancel,Cancel,,active
settings.account.cloudSync,ui,SettingsPage,SettingsPage,cloud_sync,Cloud sync,,active
settings.account.cloudSyncHint,ui,SettingsPage,SettingsPage,cloud_sync_hint,Upload local usage to your Token Tracker cloud account.,,active
settings.account.publicProfile,ui,SettingsPage,SettingsPage,public_profile,Public profile,,active
settings.account.publicProfileHint,ui,SettingsPage,SettingsPage,public_profile_hint,Show your usage on the public leaderboard.,,active
settings.account.displayNameAnonymousHint,ui,SettingsPage,SettingsPage,display_name_anon_hint,Anonymous — your name and avatar are hidden on the leaderboard,,active
settings.account.displayNameDisabledWhileAnon,ui,SettingsPage,SettingsPage,display_name_disabled,Turn on the switch first to edit your name,,active
settings.account.githubUrl,ui,SettingsPage,SettingsPage,github_url,GitHub profile,,active
settings.account.githubUrlHint,ui,SettingsPage,SettingsPage,github_url_hint,Show a GitHub link next to your name on the leaderboard.,,active
settings.account.githubUrlPlaceholder,ui,SettingsPage,SettingsPage,github_url_placeholder,username or https://github.com/username,,active
stats.period.today,ui,DashboardPage,StatsPanel,period_today,today,,active
stats.period.week,ui,DashboardPage,StatsPanel,period_week,week,,active
stats.period.month,ui,DashboardPage,StatsPanel,period_month,month,,active
stats.period.all,ui,DashboardPage,StatsPanel,period_all,all,,active
stats.period.convs,ui,DashboardPage,StatsPanel,period_convs,convs,,active
settings.account.signOut,ui,SettingsPage,SettingsPage,sign_out,Sign out,,active
settings.section.menubar,ui,SettingsPage,SettingsPage,sec_menubar,Menu Bar App,,active
settings.menubar.showStats,ui,SettingsPage,SettingsPage,mb_show_stats,Show stats in menu bar,,active
settings.menubar.showStatsHint,ui,SettingsPage,SettingsPage,mb_show_stats_hint,Display today's token count and cost beside the menu bar icon.,,active
settings.menubar.animatedIcon,ui,SettingsPage,SettingsPage,mb_anim,Animated icon,,active
settings.menubar.animatedIconHint,ui,SettingsPage,SettingsPage,mb_anim_hint,Blink the Clawd character and play the syncing animation in the menu bar.,,active
settings.menubar.launchAtLogin,ui,SettingsPage,SettingsPage,mb_login,Launch at login,,active
settings.menubar.launchAtLoginHint,ui,SettingsPage,SettingsPage,mb_login_hint,Start TokenTrackerBar automatically when you sign in to macOS.,,active
settings.menubar.syncNow,ui,SettingsPage,SettingsPage,mb_sync_now,Sync now,,active
settings.menubar.syncNowHint,ui,SettingsPage,SettingsPage,mb_sync_now_hint,Trigger an immediate parse and upload of local AI tool logs.,,active
settings.menubar.syncing,ui,SettingsPage,SettingsPage,mb_syncing,Syncing…,,active
settings.menubar.updates,ui,SettingsPage,SettingsPage,mb_updates,Updates,,active
settings.menubar.checkUpdates,ui,SettingsPage,SettingsPage,mb_check_updates,Check for updates,,active
menubar.slot.primary,ui,WidgetsPage,MenuBarDisplayCard,slot_primary,Primary slot,,active
menubar.slot.secondary,ui,WidgetsPage,MenuBarDisplayCard,slot_secondary,Secondary slot,,active
menubar.native_only,ui,WidgetsPage,MenuBarDisplayCard,native_only,Open TokenTrackerBar for macOS to edit the live menu bar display.,,active
menubar.metric.today_tokens,ui,WidgetsPage,MenuBarDisplayCard,metric_today_tokens,Today Tokens,,active
menubar.metric.today_cost,ui,WidgetsPage,MenuBarDisplayCard,metric_today_cost,Today Cost,,active
menubar.metric.last_7d_tokens,ui,WidgetsPage,MenuBarDisplayCard,metric_last_7d,Last 7 Days,,active
menubar.metric.total_tokens,ui,WidgetsPage,MenuBarDisplayCard,metric_total_tokens,Total Tokens,,active
menubar.metric.total_cost,ui,WidgetsPage,MenuBarDisplayCard,metric_total_cost,Total Cost,,active
menubar.metric.claude_5h,ui,WidgetsPage,MenuBarDisplayCard,metric_claude_5h,Claude 5h Limit,,active
menubar.metric.claude_7d,ui,WidgetsPage,MenuBarDisplayCard,metric_claude_7d,Claude 7d Limit,,active
menubar.metric.codex_5h,ui,WidgetsPage,MenuBarDisplayCard,metric_codex_5h,Codex 5h Limit,,active
menubar.metric.codex_7d,ui,WidgetsPage,MenuBarDisplayCard,metric_codex_7d,Codex 7d Limit,,active
share.button.label,share,DashboardPage,DashboardHeader,share_button,Share,,active
share.button.aria,share,DashboardPage,DashboardHeader,share_button_aria,Open share card,,active
usage.overview.tablist_aria,ui,DashboardPage,UsageOverview,tablist_aria,Time period,,active
usage.overview.cost_breakdown_aria,ui,DashboardPage,UsageOverview,cost_breakdown_aria,View cost breakdown,,active
usage.overview.distribution_aria,ui,DashboardPage,UsageOverview,distribution_aria,Provider distribution: {{items}},,active
usage.overview.distribution_item,ui,DashboardPage,UsageOverview,distribution_item,{{label}} {{percent}}%,,active
usage.overview.provider_card_aria,ui,DashboardPage,UsageOverview,provider_card_aria,"{{provider}}: {{percent}}%, {{tokens}} tokens, {{cost}}. Click to {{action}} details",,active
usage.overview.model_count,ui,DashboardPage,UsageOverview,model_count,{{count}} models,,active
usage.overview.model_details_aria,ui,DashboardPage,UsageOverview,model_details_aria,{{provider}} model details,,active
limits.panel.title,ui,LimitsPage,UsageLimitsPanel,title,Usage Limits,,active
limits.label.cursor_plan,ui,LimitsPage,UsageLimitsPanel,cursor_plan,Plan,,active
limits.label.cursor_auto,ui,LimitsPage,UsageLimitsPanel,cursor_auto,Auto,,active
limits.label.cursor_api,ui,LimitsPage,UsageLimitsPanel,cursor_api,API,,active
limits.label.kiro_month,ui,LimitsPage,UsageLimitsPanel,kiro_month,Month,,active
limits.label.kiro_bonus,ui,LimitsPage,UsageLimitsPanel,kiro_bonus,Bonus,,active
limits.label.kimi_weekly,ui,LimitsPage,UsageLimitsPanel,kimi_weekly,Weekly,,active
limits.label.kimi_5h,ui,LimitsPage,UsageLimitsPanel,kimi_5h,5h,,active
limits.label.kimi_total,ui,LimitsPage,UsageLimitsPanel,kimi_total,Total,,active
limits.label.kimi_parallel,ui,LimitsPage,UsageLimitsPanel,kimi_parallel,Parallel: {{count}},,active
limits.label.copilot_premium,ui,LimitsPage,UsageLimitsPanel,copilot_premium,Premium,,active
limits.label.copilot_chat,ui,LimitsPage,UsageLimitsPanel,copilot_chat,Chat,,active
limits.status.not_connected,ui,LimitsPage,UsageLimitsPanel,status_not_connected,Not connected,,active
limits.status.no_data,ui,LimitsPage,UsageLimitsPanel,status_no_data,No live limit data returned,,active
limits.status.all_hidden,ui,LimitsPage,UsageLimitsPanel,status_all_hidden,All limit providers are hidden. Open display settings to show them.,,active
limits.status.cooldown,ui,LimitsPage,UsageLimitsPanel,status_cooldown,Rate limited. Try again in {{duration}}.,,active
limits.status.setup_required,ui,LimitsPage,UsageLimitsPanel,status_setup_required,Setup required,,active
limits.gemini.setup_hint,ui,LimitsPage,UsageLimitsPanel,gemini_setup_hint,"Sign in with Gemini CLI OAuth, then refresh limits.",,active
shared.time.now,shared,*,Shared,time_now,now,,active
nav.skills,shared,*,Sidebar,nav_skills,Skills,,active
skills.page.title,ui,SkillsPage,SkillsPage,title,Skills,,active
skills.tab.my,ui,SkillsPage,SkillsPage,tab_my,My Skills,,active
skills.tab.browse,ui,SkillsPage,SkillsPage,tab_browse,Browse,,active
skills.action.refresh,ui,SkillsPage,SkillsPage,action_refresh,Refresh,,active
skills.action.install,ui,SkillsPage,SkillCard,action_install,Install,,active
skills.action.install_to,ui,SkillsPage,SkillCard,action_install_to,Install to {{count}} Agents,,active
skills.action.choose_targets,ui,SkillsPage,SkillCard,action_choose_targets,Choose targets,,active
skills.target.menu_label,ui,SkillsPage,SkillCard,target_menu_label,Install to,,active
skills.target.none,ui,SkillsPage,SkillsPage,target_none,no targets,,active
skills.toast.installed,ui,SkillsPage,SkillsPage,toast_installed,Installed {{name}} to {{targets}}.,,active
skills.action.remove,ui,SkillsPage,SkillsPage,action_remove,Remove,,active
skills.action.search,ui,SkillsPage,SkillsPage,action_search,Search,,active
skills.card.installed,ui,SkillsPage,SkillCard,card_installed,Installed,,active
skills.my.count,ui,SkillsPage,SkillsPage,my_count,{{count}} skills,,active
skills.target.toggle_aria,ui,SkillsPage,InstalledSkillRow,target_toggle_aria,Toggle {{target}},,active
skills.target.sync_title,ui,SkillsPage,InstalledSkillRow,target_sync_title,Enable on {{target}},,active
skills.target.remove_title,ui,SkillsPage,InstalledSkillRow,target_remove_title,Disable on {{target}},,active
skills.card.installs,ui,SkillsPage,SkillCard,installs,{{count}} installs,,active
skills.source.label,ui,SkillsPage,SkillsPage,source_label,Source,,active
skills.source.all,ui,SkillsPage,SkillsPage,source_all,All repositories,,active
skills.mode.repo,ui,SkillsPage,SkillsPage,mode_repo,Repositories,,active
skills.mode.skillssh,ui,SkillsPage,SkillsPage,mode_skillssh,skills.sh,,active
skills.browse.placeholder_all,ui,SkillsPage,SkillsPage,browse_placeholder_all,Search across enabled repositories…,,active
skills.browse.placeholder_repo,ui,SkillsPage,SkillsPage,browse_placeholder_repo,Search in {{repo}}…,,active
skills.browse.placeholder_skillssh,ui,SkillsPage,SkillsPage,browse_placeholder_skillssh,Search the skills.sh registry…,,active
skills.browse.empty_sources,ui,SkillsPage,SkillsPage,browse_empty_sources,Add a GitHub repository below to start browsing skills.,,active
skills.browse.manage_sources,ui,SkillsPage,SkillsPage,browse_manage_sources,Manage sources,,active
skills.browse.hint_skillssh,ui,SkillsPage,SkillsPage,browse_hint_skillssh,Type at least 2 characters to search skills.sh.,,active
skills.browse.loading_hint,ui,SkillsPage,SkillsPage,browse_loading_hint,Fetching skill metadata from GitHub. First load can take up to a minute; results are cached.,,active
skills.error.generic,ui,SkillsPage,SkillsPage,error_generic,Skill operation failed.,,active
skills.confirm.remove_title,ui,SkillsPage,SkillsPage,confirm_remove_title,Remove {{name}}?,,active
skills.confirm.remove_managed,ui,SkillsPage,SkillsPage,confirm_remove_managed,This skill will be removed from every connected AI tool. You'll have a few seconds to undo.,,active
skills.confirm.remove_local,ui,SkillsPage,SkillsPage,confirm_remove_local,This will delete the skill folder on disk from every connected AI tool. This cannot be undone.,,active
skills.toast.removed,ui,SkillsPage,SkillsPage,toast_removed,Removed {{name}}.,,active
shared.action.undo,shared,*,Shared,action_undo,Undo,,active
shared.action.cancel,shared,*,Shared,action_cancel,Cancel,,active
skills.empty.my,ui,SkillsPage,SkillsPage,empty_my,No skills yet. Open Discover to search and install.,,active
skills.empty.my_cta,ui,SkillsPage,SkillsPage,empty_my_cta,Browse,,active
skills.repo.placeholder,ui,SkillsPage,SkillsPage,repo_placeholder,owner/repository,,active
skills.repo.add,ui,SkillsPage,SkillsPage,repo_add,Add repository,,active
skills.repo.invalid,ui,SkillsPage,SkillsPage,repo_invalid,Use owner/repository or a GitHub repository URL.,,active
skills.repo.remove,ui,SkillsPage,RepoRow,repo_remove,Remove repository,,active
settings.appearance.language.label,ui,SettingsPage,SettingsPage,language_label,Language,,active
settings.appearance.language.hint,ui,SettingsPage,SettingsPage,language_hint,Use System to follow your computer language by default.,,active
settings.appearance.language.system,ui,SettingsPage,SettingsPage,language_system,System,,active
settings.appearance.language.english,ui,SettingsPage,SettingsPage,language_english,English,,active
settings.appearance.language.chinese,ui,SettingsPage,SettingsPage,language_chinese,Simplified Chinese,,active
entire.title,dashboard,EntirePage,EntirePage,title,Entire,,active
entire.subtitle,dashboard,EntirePage,EntirePage,subtitle,"Repository status, checkpoints, and controls.",,active
entire.repo.title,dashboard,EntirePage,RepoPathSelector,title,Repository,,active
entire.repo.subtitle,dashboard,EntirePage,RepoPathSelector,subtitle,Use an absolute repository path to load Entire status and checkpoints.,,active
entire.repo.input.label,dashboard,EntirePage,RepoPathSelector,input_label,Repository path,,active
entire.repo.input.placeholder,dashboard,EntirePage,RepoPathSelector,input_placeholder,/Users/you/project,,active
entire.repo.action.load,dashboard,EntirePage,RepoPathSelector,action_load,Load repo,,active
entire.repo.action.loading,dashboard,EntirePage,RepoPathSelector,action_loading,Loading…,,active
entire.repo.validation.absolute_path,dashboard,EntirePage,RepoPathSelector,validation_absolute_path,Enter an absolute repository path.,,active
entire.repo.suggestions.label,dashboard,EntirePage,RepoPathSelector,suggestions_label,Recent repos,,active
entire.status.title,dashboard,EntirePage,EntireStatusCard,title,Entire status,,active
entire.status.loading,dashboard,EntirePage,EntireStatusCard,loading,Loading status…,,active
entire.status.error,dashboard,EntirePage,EntireStatusCard,error,Unable to load status: {{error}},,active
entire.status.error_fallback,dashboard,EntirePage,EntireStatusCard,error_fallback,Request failed,,active
entire.status.empty,dashboard,EntirePage,EntireStatusCard,empty,Select a repository to load Entire status.,,active
entire.status.state,dashboard,EntirePage,EntireStatusCard,state_label,State,,active
entire.status.version,dashboard,EntirePage,EntireStatusCard,version_label,Version,,active
entire.status.tip,dashboard,EntirePage,EntireStatusCard,tip_label,Checkpoint branch tip,,active
entire.status.cached_state,dashboard,EntirePage,EntireStatusCard,cached_state_label,Cached state,,active
entire.state.not_installed,dashboard,EntirePage,EntireStatusCard,state_not_installed,Entire not installed,,active
entire.state.not_enabled,dashboard,EntirePage,EntireStatusCard,state_not_enabled,Not enabled,,active
entire.state.enabled_no_commits,dashboard,EntirePage,EntireStatusCard,state_enabled_no_commits,"Enabled, waiting for checkpoints",,active
entire.state.active,dashboard,EntirePage,EntireStatusCard,state_active,Active,,active
entire.state.unknown,dashboard,EntirePage,EntireStatusCard,state_unknown,Unknown,,active
entire.checkpoints.title,dashboard,EntirePage,CheckpointList,title,Checkpoints,,active
entire.checkpoints.count,dashboard,EntirePage,CheckpointList,count,{{count}} files,,active
entire.checkpoints.loading,dashboard,EntirePage,CheckpointList,loading,Loading checkpoints…,,active
entire.checkpoints.error,dashboard,EntirePage,CheckpointList,error,Unable to load checkpoints: {{error}},,active
entire.checkpoints.error_fallback,dashboard,EntirePage,CheckpointList,error_fallback,Request failed,,active
entire.checkpoints.empty,dashboard,EntirePage,CheckpointList,empty,Select a repository to view checkpoints.,,active
entire.checkpoints.none,dashboard,EntirePage,CheckpointList,none,No checkpoint files found.,,active
entire.checkpoints.reason.branch_not_fetched,dashboard,EntirePage,CheckpointList,reason_branch_not_fetched,Checkpoint branch is not fetched for this repository.,,active
entire.checkpoints.reason.git_error,dashboard,EntirePage,CheckpointList,reason_git_error,Unable to read checkpoint branch from git.,,active
entire.checkpoints.reason.git_error_detail,dashboard,EntirePage,CheckpointList,reason_git_error_detail,Git error: {{detail}},,active
entire.checkpoints.detail.title,dashboard,EntirePage,CheckpointList,detail_title,Checkpoint detail,,active
entire.checkpoints.detail.loading,dashboard,EntirePage,CheckpointList,detail_loading,Loading checkpoint detail…,,active
entire.checkpoints.detail.error,dashboard,EntirePage,CheckpointList,detail_error,Unable to load checkpoint: {{error}},,active
entire.checkpoints.detail.error_fallback,dashboard,EntirePage,CheckpointList,detail_error_fallback,Request failed,,active
entire.checkpoints.detail.empty,dashboard,EntirePage,CheckpointList,detail_empty,Select a checkpoint file.,,active
entire.checkpoints.detail.mode.metadata,dashboard,EntirePage,CheckpointList,mode_metadata,Metadata,,active
entire.checkpoints.detail.mode.raw,dashboard,EntirePage,CheckpointList,mode_raw,Raw content,,active
entire.checkpoints.detail.meta.path,dashboard,EntirePage,CheckpointList,meta_path,File,,active
entire.checkpoints.detail.meta.type,dashboard,EntirePage,CheckpointList,meta_type,Type,,active
entire.checkpoints.detail.meta.keys,dashboard,EntirePage,CheckpointList,meta_keys,Keys,,active
entire.checkpoints.detail.meta.fields,dashboard,EntirePage,CheckpointList,meta_fields,Fields,,active
entire.checkpoints.detail.meta.none,dashboard,EntirePage,CheckpointList,meta_none,No metadata fields available.,,active
entire.actions.title,dashboard,EntirePage,EntireActionsPanel,title,Actions,,active
entire.actions.subtitle,dashboard,EntirePage,EntireActionsPanel,subtitle,Run Entire commands for the selected repository.,,active
entire.actions.enable.agents_label,dashboard,EntirePage,EntireActionsPanel,enable_agents_label,Agents for enable,,active
entire.actions.enable.agents_hint,dashboard,EntirePage,EntireActionsPanel,enable_agents_hint,Choose one or more agents before enabling Entire.,,active
entire.actions.enable,dashboard,EntirePage,EntireActionsPanel,enable_action,Enable,,active
entire.actions.disable,dashboard,EntirePage,EntireActionsPanel,disable_action,Disable,,active
entire.actions.doctor,dashboard,EntirePage,EntireActionsPanel,doctor_action,Doctor,,active
entire.actions.status,dashboard,EntirePage,EntireActionsPanel,status_action,Status,,active
entire.actions.rewind.input_label,dashboard,EntirePage,EntireActionsPanel,rewind_input_label,Checkpoint id,,active
entire.actions.rewind.input_placeholder,dashboard,EntirePage,EntireActionsPanel,rewind_input_placeholder,checkpoint-id,,active
entire.actions.rewind,dashboard,EntirePage,EntireActionsPanel,rewind_action,Rewind,,active
entire.actions.rewind.validation.required,dashboard,EntirePage,EntireActionsPanel,rewind_validation_required,Type a checkpoint id before rewinding.,,active
entire.actions.clean.all,dashboard,EntirePage,EntireActionsPanel,clean_all,Clean all checkpoints,,active
entire.actions.clean,dashboard,EntirePage,EntireActionsPanel,clean_action,Clean,,active
entire.actions.error,dashboard,EntirePage,EntireActionsPanel,error,Command failed: {{error}},,active
entire.actions.error_fallback,dashboard,EntirePage,EntireActionsPanel,error_fallback,Request failed,,active
entire.actions.output,dashboard,EntirePage,EntireActionsPanel,output,Command output,,active
entire.configure.title,dashboard,EntirePage,AdvancedConfigurePanel,title,Configure,,active
entire.configure.disclosure,dashboard,EntirePage,AdvancedConfigurePanel,disclosure,Advanced raw configure,,active
entire.configure.subtitle,dashboard,EntirePage,AdvancedConfigurePanel,subtitle,Use raw argv-style arguments for Entire configure.,,active
entire.configure.input.label,dashboard,EntirePage,AdvancedConfigurePanel,input_label,Configure args,,active
entire.configure.input.placeholder,dashboard,EntirePage,AdvancedConfigurePanel,input_placeholder,--arg value --flag,,active
entire.configure.action,dashboard,EntirePage,AdvancedConfigurePanel,action,Run configure,,active
entire.configure.error,dashboard,EntirePage,AdvancedConfigurePanel,error,Configure failed: {{error}},,active
entire.configure.error_fallback,dashboard,EntirePage,AdvancedConfigurePanel,error_fallback,Request failed,,active
entire.configure.output,dashboard,EntirePage,AdvancedConfigurePanel,output,Command output,,active
vibedeck.api.error.db_unavailable,shared,*,VibeDeckAPI,error_db_unavailable,Local VibeDeck database is unavailable.,,active
vibedeck.api.error.too_many_clients,shared,*,VibeDeckAPI,error_too_many_clients,Too many live stream clients are connected. Close another dashboard and retry.,,active
vibedeck.api.error.not_installed,shared,*,VibeDeckAPI,error_not_installed,Entire is not installed for this environment.,,active
vibedeck.api.error.not_enabled,shared,*,VibeDeckAPI,error_not_enabled,Entire is installed but not enabled for this repository.,,active
vibedeck.api.error.enabled_no_commits,shared,*,VibeDeckAPI,error_enabled_no_commits,Entire is enabled and waiting for checkpoints.,,active
vibedeck.api.error.active,shared,*,VibeDeckAPI,error_active,Entire is active.,,active
vibedeck.api.error.branch_not_fetched,shared,*,VibeDeckAPI,error_branch_not_fetched,Checkpoint branch is not fetched.,,active
vibedeck.api.error.git_error,shared,*,VibeDeckAPI,error_git_error,Git command failed while reading Entire checkpoint data.,,active
vibedeck.api.error.invalid_repo,shared,*,VibeDeckAPI,error_invalid_repo,Repository path is invalid or unavailable.,,active
vibedeck.api.error.invalid_path,shared,*,VibeDeckAPI,error_invalid_path,Checkpoint path is invalid.,,active
vibedeck.api.error.missing_repo,shared,*,VibeDeckAPI,error_missing_repo,Repository path is required.,,active
vibedeck.api.error.missing_confirm_token,shared,*,VibeDeckAPI,error_missing_confirm_token,Confirmation token is required before destructive commands.,,active
vibedeck.api.error.invalid_confirm_token,shared,*,VibeDeckAPI,error_invalid_confirm_token,Confirmation token is invalid or expired.,,active
vibedeck.api.error.unknown_command,shared,*,VibeDeckAPI,error_unknown_command,Unknown Entire command.,,active
vibedeck.api.error.session_not_found,shared,*,VibeDeckAPI,error_session_not_found,Session was not found. Refresh Live and retry.,,active
